{"cameraMode":{"drawMode":0,"name":"Shaded","section":"Shading Mode"},"sceneLighting":true,"audioPlay":false,"sceneViewState":{"m_AlwaysRefresh":false,"showFog":true,"showSkybox":false,"showFlares":true,"showImageEffects":true,"showParticleSystems":true,"showVisualEffectGraphs":true,"m_FxEnabled":true},"in2DMode":false,"pivot":{"x":1.0710453987121583,"y":1.4703582525253297,"z":-0.8125551342964172},"rotation":{"x":0.019188471138477327,"y":-0.009900317527353764,"z":-0.00019007221271749586,"w":-0.9997686743736267},"size":13.726998329162598,"orthographic":false}